codigo_contato,email,ddd,telefone,eh_whatsapp
1,ana.silva@email.com,011,987654321,1
2,joao.santos@email.com,011,976543210,1
3,maria.lima@email.com,011,965432109,0
4,carlos.costa@email.com,011,954321098,1
5,juliana.souza@email.com,011,943210987,0
6,roberto.gomes@email.com,011,932109876,1
7,sandra.oliveira@email.com,011,921098765,0
8,antonio.ferreira@email.com,011,910987654,1
9,patricia.dias@email.com,011,909876543,0
10,fernando.ribeiro@email.com,011,898765432,1
11,luciana.santos@email.com,021,987654321,0
12,marcelo.silva@email.com,021,976543210,1
13,claudia.martins@email.com,021,965432109,0
14,paulo.alves@email.com,021,954321098,1
15,cristina.oliveira@email.com,021,943210987,0
16,ricardo.lima@email.com,021,932109876,1
17,adriana.costa@email.com,021,921098765,0
18,jose.machado@email.com,021,910987654,1
19,fernanda.nunes@email.com,021,909876543,0
20,rafael.mendes@email.com,021,898765432,1
21,carla.pereira@email.com,031,987654321,0
22,roberto.lima@email.com,031,976543210,1
23,denise.gomes@email.com,031,965432109,0
24,eduardo.souza@email.com,031,954321098,1
25,monica.oliveira@email.com,031,943210987,0
26,andre.castro@email.com,031,932109876,1
27,viviane.silva@email.com,031,921098765,0
28,lucas.santos@email.com,031,910987654,1
29,renata.lima@email.com,031,909876543,0
30,alexandre.costa@email.com,031,898765432,1
31,beatriz.silva@email.com,041,987654321,0
32,diego.oliveira@email.com,041,976543210,1
33,elaine.souza@email.com,041,965432109,0
34,fabio.costa@email.com,041,954321098,1
35,gisele.silva@email.com,041,943210987,0
36,henrique.lima@email.com,041,932109876,1
37,isabela.ferreira@email.com,041,921098765,0
38,jorge.gomes@email.com,041,910987654,1
39,karen.santos@email.com,041,909876543,0
40,leonardo.silva@email.com,041,898765432,1
41,marina.lima@email.com,047,987654321,0
42,nelson.costa@email.com,047,976543210,1
43,olga.santos@email.com,047,965432109,0
44,pedro.lima@email.com,047,954321098,1
45,queila.silva@email.com,047,943210987,0
46,rodrigo.costa@email.com,047,932109876,1
47,silvia.ferreira@email.com,047,921098765,0
48,thiago.santos@email.com,047,910987654,1
49,ursula.pereira@email.com,047,909876543,0
50,victor.silva@email.com,047,898765432,1
51,waldemar.gomes@email.com,051,987654321,0
52,ximena.santos@email.com,051,976543210,1
53,yuri.costa@email.com,051,965432109,0
54,zelia.lima@email.com,051,954321098,1
55,amanda.silva@email.com,051,943210987,0
56,bruno.ferreira@email.com,051,932109876,1
57,camila.costa@email.com,051,921098765,0
58,douglas.oliveira@email.com,051,910987654,1
59,erica.santos@email.com,051,909876543,0
60,felipe.pereira@email.com,051,898765432,1
61,gloria.costa@email.com,061,987654321,0
62,hugo.lima@email.com,061,976543210,1
63,ivone.silva@email.com,061,965432109,0
64,julio.santos@email.com,061,954321098,1
65,kelly.lima@email.com,061,943210987,0
66,leandro.costa@email.com,061,932109876,1
67,mariana.silva@email.com,061,921098765,0
68,norberto.santos@email.com,061,910987654,1
69,olivia.costa@email.com,061,909876543,0
70,paulo.lima@email.com,061,898765432,1
71,quenia.silva@email.com,071,987654321,0
72,ronaldo.santos@email.com,071,976543210,1
73,solange.costa@email.com,071,965432109,0
74,tadeu.silva@email.com,071,954321098,1
75,ulisses.lima@email.com,071,943210987,0
76,valeria.ferreira@email.com,071,932109876,1
77,wagner.santos@email.com,071,921098765,0
78,xande.costa@email.com,071,910987654,1
79,yasmin.lima@email.com,071,909876543,0
80,zacarias.silva@email.com,071,898765432,1
81,alice.costa@email.com,081,987654321,0
82,bernardo.santos@email.com,081,976543210,1
83,clara.pereira@email.com,081,965432109,0
84,dante.lima@email.com,081,954321098,1
85,elisa.silva@email.com,081,943210987,0
86,flavio.santos@email.com,081,932109876,1
87,giovana.costa@email.com,081,921098765,0
88,humberto.lima@email.com,081,910987654,1
89,ingrid.silva@email.com,081,909876543,0
90,joel.santos@email.com,081,898765432,1
91,karina.costa@email.com,082,987654321,0
92,leopoldo.lima@email.com,082,976543210,1
93,marta.silva@email.com,082,965432109,0
94,nilo.santos@email.com,082,954321098,1
95,otavio.costa@email.com,082,943210987,0
96,priscila.lima@email.com,082,932109876,1
97,quirino.silva@email.com,082,921098765,0
98,regina.santos@email.com,082,910987654,1
99,sidnei.costa@email.com,082,909876543,0
100,tania.lima@email.com,082,898765432,1
101,ubirajara.silva@email.com,083,987654321,0
102,virginia.santos@email.com,083,976543210,1
103,wilson.costa@email.com,083,965432109,0
104,xuxa.lima@email.com,083,954321098,1
105,yago.silva@email.com,083,943210987,0
106,zenilda.santos@email.com,083,932109876,1
107,arthur.costa@email.com,083,921098765,0
108,bianca.lima@email.com,083,910987654,1
109,celso.silva@email.com,083,909876543,0
110,daniela.santos@email.com,083,898765432,1
111,ernesto.costa@email.com,084,987654321,0
112,fabiana.lima@email.com,084,976543210,1
113,guilherme.silva@email.com,084,965432109,0
114,helena.santos@email.com,084,954321098,1
115,igor.costa@email.com,084,943210987,0
116,jaqueline.lima@email.com,084,932109876,1
117,kevin.silva@email.com,084,921098765,0
118,lorena.santos@email.com,084,910987654,1
119,marcos.costa@email.com,084,909876543,0
120,nicole.lima@email.com,084,898765432,1
121,orlando.silva@email.com,085,987654321,0
122,pamela.santos@email.com,085,976543210,1
123,quintino.costa@email.com,085,965432109,0
124,renato.lima@email.com,085,954321098,1
125,sabrina.silva@email.com,085,943210987,0
126,thales.santos@email.com,085,932109876,1
127,ursula.costa@email.com,085,921098765,0
128,vicente.lima@email.com,085,910987654,1
129,william.silva@email.com,085,909876543,0
130,xuxa.santos@email.com,085,898765432,1
131,yandra.costa@email.com,086,987654321,0
132,ziraldo.lima@email.com,086,976543210,1
133,aline.silva@email.com,086,965432109,0
134,breno.santos@email.com,086,954321098,1
135,cecilia.costa@email.com,086,943210987,0
136,dario.lima@email.com,086,932109876,1
137,ester.silva@email.com,086,921098765,0
138,francisco.santos@email.com,086,910987654,1
139,gabriela.costa@email.com,086,909876543,0
140,heitor.lima@email.com,086,898765432,1
141,iris.silva@email.com,087,987654321,0
142,jonas.santos@email.com,087,976543210,1
143,katia.costa@email.com,087,965432109,0
144,lucio.lima@email.com,087,954321098,1
145,michele.silva@email.com,087,943210987,0
146,nilton.santos@email.com,087,932109876,1
147,olivia.costa@email.com,087,921098765,0
148,pietro.lima@email.com,087,910987654,1
149,quiteria.silva@email.com,087,909876543,0
150,romulo.santos@email.com,087,898765432,1
151,contato@autosilva.com.br,011,30625489,1
152,contato@mecanicasantos.com.br,011,30478912,0
153,vendas@pecaslima.com.br,011,30951478,1
154,atendimento@acessorioscosta.com.br,021,30145789,0
155,contato@retificasouza.com.br,021,30487596,1
156,suporte@autoeletricagomes.com.br,021,30142536,0
157,vendas@pneusoliveira.com.br,031,30789541,1
158,contato@martelinhoferreira.com.br,031,30426795,0
159,servicos@centrodias.com.br,031,30214578,1
160,vendas@vidrosribeiro.com.br,041,30567891,0
161,contato@mouraveiculos.com.br,041,30124789,1
162,reservas@lavagomes.com.br,041,30456982,0
163,servicos@borrachariamatins.com.br,047,30789456,1
164,contato@oficinaalves.com.br,047,30123456,0
165,matricula@autoescolasouza.com.br,047,30654789,1
166,atendimento@postolima.com.br,051,30258741,0
167,contato@funilariaferreira.com.br,051,30147852,1
168,agendamento@alinhamentomachado.com.br,051,30258963,0
169,vendas@oleoefilltrossilva.com.br,061,30753159,1
170,contato@importadosoliveira.com.br,061,30951486,0
171,vendas@carroscosta.com.br,061,30654825,1
172,contato@especializadasantos.com.br,071,30258741,0
173,vendas@acessoriosferreira.com.br,071,30147896,1
174,atendimento@reboquemartins.com.br,071,30654123,0
175,vendas@motosalves.com.br,081,30789456,1
176,contato@autocenterlima.com.br,081,30123789,0
177,vendas@pecasusadaspereira.com.br,081,30456789,1
178,contato@acessoriosoliveira.com.br,082,30159753,0
179,servicos@freiossouza.com.br,082,30951753,1
180,agendamento@inspecaoferreira.com.br,082,30147852,0
181,vendas@multimarcasgomes.com.br,083,30789123,1
182,atendimento@injecaosantos.com.br,083,30654123,0
183,vendas@batteriaslima.com.br,083,30321654,1
184,servicos@retificapereira.com.br,084,30789654,0
185,comercial@importadascosta.com.br,084,30321456,1
186,contato@cambiomartins.com.br,084,30654789,0
187,servicos@centrosouza.com.br,085,30951753,1
188,vendas@rodasoliveira.com.br,085,30123456,0
189,contato@escapamentoslima.com.br,085,30789123,1
190,servicos@eletricaferreira.com.br,086,30456789,0
191,contato@lavagemcosta.com.br,086,30789654,1
192,vendas@caminhoessilva.com.br,086,30123789,0
193,contato@motossouza.com.br,087,30654123,1
194,vendas@pecastratores.com.br,087,30951753,0
195,contato@somautomotivo.com.br,087,30159753,1
196,agendamento@pinturaferreira.com.br,088,30654789,0
197,contato@revisaosantos.com.br,088,30951486,1
198,vendas@vidrospereira.com.br,088,30123789,0
199,atendimento@socorrocosta.com.br,088,30987654,1
200,contato@arcondicionadogomes.com.br,088,30123456,0
